user_id,name,email,country,created_at
user1,User 1,user1@test.com,IN,2025-11-20T05:45:46.680Z
user10,User 10,user10@test.com,IN,2025-11-20T05:45:46.680Z
user2,User 2,user2@test.com,IN,2025-11-20T05:45:46.680Z
user3,User 3,user3@test.com,IN,2025-11-20T05:45:46.680Z
user4,User 4,user4@test.com,IN,2025-11-20T05:45:46.680Z
user5,User 5,user5@test.com,IN,2025-11-20T05:45:46.680Z
user6,User 6,user6@test.com,IN,2025-11-20T05:45:46.680Z
user7,User 7,user7@test.com,IN,2025-11-20T05:45:46.680Z
user8,User 8,user8@test.com,IN,2025-11-20T05:45:46.680Z
user9,User 9,user9@test.com,IN,2025-11-20T05:45:46.680Z
user_sanket,Sanket Raut,sanket@example.com,IN,2025-11-20T05:45:46.680Z
